rank,id,score,views,favors,likes,comments,date,recency_x,translated,tags,title,url,decision,notes
1,134104142,8.274,23000,81,17,0,2023-10-29,0.9,yes,#人工智能,能量管理系统（EMS）：新能源储能行业的智能化大脑,https://blog.csdn.net/yeyuangen/article/details/134104142,,
2,126260024,7.08,18000,73,6,1,2022-08-24,0.8,yes,#复旦微FPGA | #国产FPGA | #DSP+ARM+FPGA,国产DSP/ARM+复旦微ZYNQ/A7/K7 FPGA系列解决方案,https://blog.csdn.net/yeyuangen/article/details/126260024,,
3,128405320,7.01,16000,78,8,0,2022-12-22,0.8,yes,#SI/PI仿真分析,SI/PI仿真概述：有源高速信号、阻抗、滤波方案分析,https://blog.csdn.net/yeyuangen/article/details/128405320,,
4,131730439,6.93,4900,43,7,0,2023-07-14,0.9,yes,#fpga开发 | #arm开发,基于STM32 ARM+FPGA伺服控制系统总体设计方案(一）,https://blog.csdn.net/yeyuangen/article/details/131730439,,
5,122848777,6.888,10000,57,7,3,2022-06-01,0.8,yes,#ZYNQ | #H264 | #低延时 | #FPGA | #无线图传,Zynq FPGA低时延H.264设计方案（编码+解码＜ 1ms）,https://blog.csdn.net/yeyuangen/article/details/122848777,,
6,131767085,6.773,8500,32,4,0,2023-07-17,0.9,yes,#RK3588 | #ISP,RK3588-Camera:MIPI-CSI及ISP调试之通路解析,https://blog.csdn.net/yeyuangen/article/details/131767085,,
7,131051184,6.662,5800,24,3,3,2023-06-05,0.9,yes,#fpga开发 | #RK3588 | #图像处理,RK3588+FPGA+Cameralink高速相机解决方案,https://blog.csdn.net/yeyuangen/article/details/131051184,,
8,136463703,6.523,2200,23,26,0,2024-03-04,0.9,yes,#储能控制器,英特尔/ARM/国产化EMS储能控制器解决方案,https://blog.csdn.net/yeyuangen/article/details/136463703,,
9,135188661,6.51,2600,23,20,0,2023-12-24,0.9,yes,#数据采集 | #PXI | #船舶,面向船舶结构健康监测的数据采集与处理系统（一）系统架构,https://blog.csdn.net/yeyuangen/article/details/135188661,,
10,135530209,6.335,1600,23,21,0,2024-01-11,0.9,yes,#fpga开发 | #数据采集 | #温度测量,USB-XM2403 USB接口的温度数据采集卡,https://blog.csdn.net/yeyuangen/article/details/135530209,,
11,135432375,6.251,1100,25,21,0,2024-01-06,0.9,yes,#人工智能 | #船舶 | #数据采集 | #采集,基于X86的助力智慧船载监控系统,https://blog.csdn.net/yeyuangen/article/details/135432375,,
12,131423799,6.045,4900,20,2,0,2023-06-27,0.9,yes,#linuxcnc,RK3568/RK3588+LinuxCNC+Ethercat解决方案,https://blog.csdn.net/yeyuangen/article/details/131423799,,
13,126839996,5.976,6400,21,4,4,2022-09-13,0.8,yes,#codesys | #RK3568 | #ARM+LINUX,RK3568+Codesys ARM+LINUX硬件平台的软PLC解决方案,https://blog.csdn.net/yeyuangen/article/details/126839996,,
14,126966000,5.749,6100,37,1,0,2022-09-21,0.8,yes,#fpga开发 | #国产DSP | #银河飞腾DSP,基于国产银河飞腾多核 DSP +FPGA的图像识别硬件设计与算法实现,https://blog.csdn.net/yeyuangen/article/details/126966000,,
15,126418195,5.745,8000,24,3,0,2022-08-19,0.8,yes,#人工智能 | #fpga开发,RK3588+AI+FPGA图像处理硬件算法加速解决方案,https://blog.csdn.net/yeyuangen/article/details/126418195,,
16,131429316,5.737,3400,16,2,0,2023-06-30,0.9,yes,#fpga开发 | DAMO开发者矩阵 | 加入社区,【国产虚拟仪器】基于ZYNQ7045+V7 FPGA的多通道数据同步采集设计方案（一）,https://blog.csdn.net/yeyuangen/article/details/131429316,,
17,130940945,5.669,4100,11,1,2,2023-06-27,0.9,yes,#人工智能 | #ethercat | #RK3588 | #XENOMAI,RK最强ARM系列之RK3588+AI+Ethercat(linux +xenomai+igh)实时解决方案,https://blog.csdn.net/yeyuangen/article/details/130940945,,
18,126575372,5.616,5700,19,3,1,2022-08-28,0.8,yes,#RK3588 | #国产DSP | #国产FPGA | #AI,国产RK3588+DSP+FPGA+AI工业视觉主板解决方案,https://blog.csdn.net/yeyuangen/article/details/126575372,,
19,124597073,5.612,5900,26,2,0,2022-05-13,0.8,yes,#fpga开发 | #单片机 | #嵌入式硬件,高性能国产化信号处理平台国产DSP+FPGA+AI NPU安路紫光方案,https://blog.csdn.net/yeyuangen/article/details/124597073,,
20,129054299,5.557,3800,20,7,0,2023-02-16,0.8,yes,#硬件架构 | #精密运动控制器 | #DSP+FPGA,基于 VPX 总线的工件台运动控制系统研究与开发-DSP+FPGA硬件架构（一）,https://blog.csdn.net/yeyuangen/article/details/129054299,,
21,131759080,5.531,4800,10,2,0,2023-07-17,0.9,yes,#fpga开发,RK3588+FPGA视频实时处理与双屏显示、存储解决方案,https://blog.csdn.net/yeyuangen/article/details/131759080,,
22,129020736,5.529,3300,31,2,0,2023-02-14,0.8,yes,#目标检测 | #人工智能 | #计算机视觉 | #RK3399 | #YOLO,基于RK3399+YOLO目标检测人工智能图像系统设计,https://blog.csdn.net/yeyuangen/article/details/129020736,,
23,134726568,5.522,7000,8,2,0,2023-12-01,0.9,yes,#人工智能 | #边缘计算,"基于瑞芯微rk3588+寒武纪 | 38TOPS INT8算力的AI边缘计算盒子,智能安防、智慧工地、智慧城管、智慧油站",https://blog.csdn.net/yeyuangen/article/details/134726568,,
24,135372543,5.432,1300,11,8,0,2024-01-03,0.9,yes,#能源,船舶数据采集与分析在线能源监测解决方案,https://blog.csdn.net/yeyuangen/article/details/135372543,,
25,124933458,5.397,3700,24,2,0,2022-05-23,0.8,yes,#fpga开发 | #dsp开发,基于 DSP+FPGA 的排爆机器人控制系统设计与实现,https://blog.csdn.net/yeyuangen/article/details/124933458,,
26,124908639,5.396,2400,30,2,0,2022-05-22,0.8,yes,#机器人 | #SLAM | #激光视觉,ZYNQ 激光视觉SLAM算法移植与设计,https://blog.csdn.net/yeyuangen/article/details/124908639,,
27,136141844,5.366,1200,10,9,0,2024-02-17,0.9,yes,#网络,基于飞腾ARM+FPGA国产化计算模块联合解决方案,https://blog.csdn.net/yeyuangen/article/details/136141844,,
28,133064240,5.363,3000,9,3,0,2024-01-03,0.9,yes,#单片机 | #嵌入式硬件,STM32 EtherCAT 总线型（1 拖 4）步进电机解决方案,https://blog.csdn.net/yeyuangen/article/details/133064240,,
29,135531720,5.354,1300,11,6,0,2024-01-11,0.9,yes,#fpga开发,数据采集卡：USB2.0总线，4通道同步、24位156KHz AD，16路DIO,https://blog.csdn.net/yeyuangen/article/details/135531720,,
30,136345570,5.352,2300,8,6,0,2024-02-28,0.9,yes,#fpga开发 | #飞腾 | #国产化,全国产飞腾E2000Q +复旦微FPGA的轨道交通、电力解决方案,https://blog.csdn.net/yeyuangen/article/details/136345570,,
31,135616054,5.295,1000,10,9,0,2024-01-16,0.9,yes,#数据采集卡 | #NI国产替代,"【NI国产替代】PXIe-4480，1.25 MS/s , 3.4 Hz AC/DC耦合，6输入PXI声音与振动模块",https://blog.csdn.net/yeyuangen/article/details/135616054,,
32,121500572,5.287,6900,15,0,3,2021-11-23,0.8,yes,#OMPAL138 | #FPGA | #防撞雷达,omapl138 fpga三核高速数据采集处理核心平台方案,https://blog.csdn.net/yeyuangen/article/details/121500572,,
33,117905932,5.285,18000,6,1,4,2021-06-14,0.8,yes,#AM335X | #物联网关 | #高性价比,基于AM335X的物联网关解决方案,https://blog.csdn.net/yeyuangen/article/details/117905932,,
34,128084775,5.265,2300,18,3,1,2022-11-28,0.8,yes,#fpga开发 | #单片机 | #嵌入式硬件,基于FPGA+MPU+MCU全自动血细胞分析仪解决方案,https://blog.csdn.net/yeyuangen/article/details/128084775,,
35,135540040,5.258,1100,9,9,0,2024-01-11,0.9,yes,#数据采集 | #温度测量,数据采集卡：4位32路256K同步模拟量输入卡，支持外触发、外时钟，支持多卡同步,https://blog.csdn.net/yeyuangen/article/details/135540040,,
36,135372311,5.242,874,10,9,0,2024-01-03,0.9,yes,#自动化 | #运维 | #数据采集 | #人工智能,船舶数据采集与分析自动化与设备控制系统解决方案,https://blog.csdn.net/yeyuangen/article/details/135372311,,
37,135620905,5.231,951,9,10,0,2024-01-16,0.9,yes,#数据采集卡 | #NI国产替代 | #NI‑9234,【NI国产替代】NI‑9234，4通道，51.2 kS/s/ch，±5 V，C系列声音与振动输入模块,https://blog.csdn.net/yeyuangen/article/details/135620905,,
38,135415541,5.225,1100,9,8,0,2024-01-05,0.9,yes,#arm开发 | #fpga开发,ARM+FPGA多通道信号采集与处理模块开发方案,https://blog.csdn.net/yeyuangen/article/details/135415541,,
39,128929251,5.213,3000,18,3,0,2023-02-08,0.8,yes,#matlab | #RK3399,基于RK3399+PID的手持稳定云台的设计与实现,https://blog.csdn.net/yeyuangen/article/details/128929251,,
40,129029630,5.201,3800,11,8,0,2023-02-14,0.8,yes,#stm32 | #嵌入式硬件 | #单片机,基于RK3399+STM32+PID的四轴飞行器跟踪与控制系统设计,https://blog.csdn.net/yeyuangen/article/details/129029630,,
41,131548213,5.192,1500,14,1,0,2023-07-05,0.9,yes,#fpga开发 | #RK3399+FPGA | #VME,基于 RK3399+fpga 的 VME 总线控制器设计(二）硬件和FPGA逻辑设计,https://blog.csdn.net/yeyuangen/article/details/131548213,,
42,135763955,5.185,821,10,8,0,2024-01-23,0.9,yes,#fpga开发 | #NI国产替代 | #数据采集卡,Intel Atom + Artix-7 100T FPGA，CompactRIO单板控制器,https://blog.csdn.net/yeyuangen/article/details/135763955,,
43,125630024,5.18,3100,19,2,0,2022-07-05,0.8,yes,#人工智能 | #ubuntu | #python,RK3399pro yolov5人工智能加速推理解决方案,https://blog.csdn.net/yeyuangen/article/details/125630024,,
44,136463814,5.161,649,11,8,0,2024-03-04,0.9,yes,#机器人,Intel/国产化无人叉车&机器视觉专用控制器,https://blog.csdn.net/yeyuangen/article/details/136463814,,
45,135625771,5.158,853,9,9,0,2024-01-16,0.9,yes,#NI国产替代 | #数据采集卡 | #NI-9231,【NI国产替代】NI-9231，8通道，51.2 kS/s/ch，-5至5 V，C系列声音和振动输入模块,https://blog.csdn.net/yeyuangen/article/details/135625771,,
46,126114676,5.155,5000,10,3,1,2022-08-02,0.8,yes,#fpga开发,RK3588+FPGA高速图像处理通信处理机解决方案,https://blog.csdn.net/yeyuangen/article/details/126114676,,
47,106390114,5.154,3400,14,4,0,2020-05-28,0.8,yes,#AM5728 | #物流机器人 | #DSP+ARM | #图像识别 | #AGV,基于AM5728 DSP+ARM亚马逊物流机器人的设计和实现，实现自动化分拣投递，AGV,https://blog.csdn.net/yeyuangen/article/details/106390114,,
48,135765860,5.083,944,8,8,0,2024-01-23,0.9,yes,#fpga开发,【进口控制器国产替代】Intel Atom + Artix-7 75T FPGA，CompactRIO单板控制器,https://blog.csdn.net/yeyuangen/article/details/135765860,,
49,135620413,5.082,702,9,9,0,2024-01-16,0.9,yes,#数据采集卡 | #NI国产替代,【NI国产替代】sbRIO‑9234，非封闭式，4通道，51.2 kS/s/ch，±5 V，C系列声音与振动输入模块,https://blog.csdn.net/yeyuangen/article/details/135620413,,
50,135589172,5.05,647,9,9,0,2024-01-14,0.9,yes,#数据采集卡 | #NI国产替代,【NI国产替代】PXIe‑6375，208路AI（16位，3.8 MS/s），2路AO，24路DIO，PXI多功能I/O模块,https://blog.csdn.net/yeyuangen/article/details/135589172,,
51,135589250,5.047,697,9,8,0,2024-01-14,0.9,yes,#fpga开发 | #NI国产替代 | #数据采集,【NI国产替代】USB‑7846 Kintex-7 160T FPGA，500 kS/s多功能可重配置I/O设备,https://blog.csdn.net/yeyuangen/article/details/135589250,,
52,135620311,5.046,791,8,9,0,2024-01-16,0.9,yes,#NI国产替代 | #数据采集卡,【NI国产替代】PXIe‑4499，204.8 kS/s，114 dB，4个增益，交流/直流耦合，16输入PXI声音与振动模块,https://blog.csdn.net/yeyuangen/article/details/135620311,,
53,126738265,5.025,2800,11,6,0,2022-09-07,0.8,yes,#自动驾驶 | #人工智能 | #机器学习,自动驾驶Nvidia Jetson +FPGA设计方案,https://blog.csdn.net/yeyuangen/article/details/126738265,,
54,128324807,5.023,4900,15,0,1,2022-12-21,0.8,yes,#制造 | #半导体运动台,高速高精度半导体运动台设计（一）,https://blog.csdn.net/yeyuangen/article/details/128324807,,
55,130934525,5.014,3200,4,2,2,2023-05-29,0.9,yes,#fpga开发 | #图像处理 | #人工智能 | #复旦微,基于复旦微 JFM7K325T 全国产FPGA的高速数据采集、图像处理方案,https://blog.csdn.net/yeyuangen/article/details/130934525,,
56,131993024,5.009,3200,4,3,1,2023-07-29,0.9,yes,#人工智能 | #RK3588 | #AI,基于RK3588+FPGA+AI算法定制的智慧交通与智能安防解决方案,https://blog.csdn.net/yeyuangen/article/details/131993024,,
57,128923950,4.983,3000,17,1,0,2023-02-07,0.8,yes,#物联网 | #RK3568 | #STM32 | #网关,一种基于RK3568+STM32+AD8684的电力可信物联人工智能网关设计方案,https://blog.csdn.net/yeyuangen/article/details/128923950,,
58,123142103,4.982,2200,20,1,0,2022-02-25,0.8,yes,#fpga开发 | #DSP+FPGA,DSP+FPGA TMS320C665x + Xilinx Artix-7高速数据采集与处理方案,https://blog.csdn.net/yeyuangen/article/details/123142103,,
59,128163360,4.974,4500,10,3,0,2022-12-03,0.8,yes,#全志T3 | #codesys | #实时系统 | #全国产,全志T3 ARM+Ethercat+Codesys工业控制器设计方案,https://blog.csdn.net/yeyuangen/article/details/128163360,,
60,135447184,4.974,662,10,5,0,2024-01-08,0.9,yes,#人工智能 | #fpga开发,NI基于PC的测量和控制系统,https://blog.csdn.net/yeyuangen/article/details/135447184,,
61,127987768,4.937,2400,5,0,0,2024-05-11,1,yes,#上位机 | #半导体设备 | #新能源设备,半导体新能源智能装备控制器及工业软件设计方案,https://blog.csdn.net/yeyuangen/article/details/127987768,,
62,135583754,4.916,616,8,8,0,2024-01-14,0.9,yes,#数据采集卡 | #NI国产替代 | #PXIe-6386,NI PXIe-6386国产替代，8路AI（16位，14 MS/s/ch），2路A​O，24路DIO，PXI多功能I/O模块,https://blog.csdn.net/yeyuangen/article/details/135583754,,
63,135615995,4.902,653,8,7,0,2024-01-16,0.9,yes,#数据采集卡 | #NI国产替代,【NI国产替代】PXIe‑4492，204.8 kS/s，113 dB，2个增益，0.5 Hz 交流/直流耦合，8输入PXI声音与振动模块,https://blog.csdn.net/yeyuangen/article/details/135615995,,
64,127398232,4.896,2000,11,1,4,2022-10-18,0.8,yes,#Ethercat | #实时 | #igh | #高性价比,基于NXP i.MX8 Ethercat实时运动控制器设计 Linux+xenomai+igh+rtnet,https://blog.csdn.net/yeyuangen/article/details/127398232,,
65,118784301,4.858,2900,10,1,2,2021-07-16,0.8,yes,#C6748 | #FPGA | #北斗接收机 | #高精度,基于C6748+FPGA的高精度北斗接收机设计与实现,https://blog.csdn.net/yeyuangen/article/details/118784301,,
66,108395770,4.844,2600,11,3,0,2020-09-04,0.8,yes,#AM5728 | #DSP | #阵列麦克风 | #ARM,基于AM5728 DSP+ARM阵列麦克风解决方案,https://blog.csdn.net/yeyuangen/article/details/108395770,,
67,125776868,4.807,2600,14,1,0,2022-07-14,0.8,yes,#自动驾驶 | #控制器 | #jetson,Nvidia AGX Xavier GMSL 自动驾驶控制器设计方案,https://blog.csdn.net/yeyuangen/article/details/125776868,,
68,135767088,4.807,709,6,9,0,2024-01-23,0.9,yes,#fpga开发 | #NI国产替代,【进口控制器替代】Intel Atom + Kintex-7 70T FPGA，4槽CompactRIO控制器,https://blog.csdn.net/yeyuangen/article/details/135767088,,
69,128461175,4.785,3000,10,1,1,2022-12-27,0.8,yes,#fpga开发,基于FPGA状态机设计实现EtherCAT从站,https://blog.csdn.net/yeyuangen/article/details/128461175,,
70,126698258,4.77,2100,11,3,0,2022-09-05,0.8,yes,#fpga开发 | #arm | #计算机视觉,ARM/DSP+FPGA运动控制机器视觉控制器方案定制,https://blog.csdn.net/yeyuangen/article/details/126698258,,
71,124934547,4.757,3000,12,1,0,2022-05-23,0.8,yes,#ZYNQ | #AD9361 | #无线电,基于ZYNQ+AD9361的软件无线电平台设计与实现 （2）,https://blog.csdn.net/yeyuangen/article/details/124934547,,
72,103429756,4.743,2800,9,3,0,2019-12-06,0.8,yes,#AM5728 | #CPSW | #网口,TI AM5728 CPSW网口调试笔记,https://blog.csdn.net/yeyuangen/article/details/103429756,,
73,106414130,4.704,2600,10,2,0,2020-05-28,0.8,yes,#AM5728 | #DSP | #C66X,TI DSP TMS320C66x （1）硬件介绍,https://blog.csdn.net/yeyuangen/article/details/106414130,,
74,134974961,4.701,1500,7,1,0,2023-12-13,0.9,yes,#数据采集 | #PXI | #CPCI | #VPX,PXI/PCIe/VPX机箱 ARM|x86 + FPGA测试测量板卡解决方案,https://blog.csdn.net/yeyuangen/article/details/134974961,,
75,125670686,4.688,3100,7,2,1,2022-07-08,0.8,yes,#fpga开发 | #C6657 | #ZYNQ7045,基于C6657+ZYNQ7045的DSP+ARM+FPGA主控板设计方案,https://blog.csdn.net/yeyuangen/article/details/125670686,,
76,106422831,4.663,3200,10,1,0,2020-05-29,0.8,yes,#DSP+ARM | #毫米波 | #雷达 | #omapl138 | #fpga,基于OMAPL138 DSP+ARM+FPGA 毫米波雷达与单目视觉融合的无人机自主避障系统,https://blog.csdn.net/yeyuangen/article/details/106422831,,
77,134794429,4.646,2200,4,1,1,2023-12-04,0.9,yes,#单片机 | #机器人 | #嵌入式硬件,RK3588+MCU机器人控制器解决方案,https://blog.csdn.net/yeyuangen/article/details/134794429,,
78,131095790,4.643,2300,5,1,0,2023-06-07,0.9,yes,#网络 | #RK3588 | 九章云极普惠算力 | 加入社区,基于RK3588的人工智能边缘计算大算力网关,https://blog.csdn.net/yeyuangen/article/details/131095790,,
79,126211285,4.635,1900,12,0,2,2022-08-07,0.8,yes,#java | #开发语言,DSP+ARM+FPGA高速PCIE/千兆网口信号仿真介绍,https://blog.csdn.net/yeyuangen/article/details/126211285,,
80,122909295,4.61,2400,9,2,0,2022-02-13,0.8,yes,#fpga开发 | #C665x | #DSP+FPGA,TMS320C665x + Xilinx Artix7 DSP+FPGA高速核心板,https://blog.csdn.net/yeyuangen/article/details/122909295,,
81,122848687,4.568,4600,7,1,0,2022-02-09,0.8,yes,#DSP+FPGA | #ZYNQ | #LTE,Zynq LTE基站设计与实现,https://blog.csdn.net/yeyuangen/article/details/122848687,,
82,132761118,4.567,1800,4,1,1,2023-09-08,0.9,yes,#arm开发,ARM+Codesys runtime核心板+底板解决方案,https://blog.csdn.net/yeyuangen/article/details/132761118,,
83,118280228,4.565,3600,8,1,0,2022-07-12,0.8,yes,#ZYNQ | #Ethercat | #FPGA | #XENOMAI,信迈基于FPGA ZYNQ的Ethercat高实时工业控制解决方案,https://blog.csdn.net/yeyuangen/article/details/118280228,,
84,128924819,4.564,3000,12,0,0,2023-02-07,0.8,yes,#fpga开发 | #RK3399+FPGA | #高速AD,RK3399+PCIe+FPGA 在高速AD无线通信中的应用,https://blog.csdn.net/yeyuangen/article/details/128924819,,
85,132306450,4.561,13000,2,0,0,2023-08-15,0.9,yes,#嵌入式硬件 | #fpga开发,嵌入式电火花线切割控制系统总体设计,https://blog.csdn.net/yeyuangen/article/details/132306450,,
86,130934572,4.49,3900,4,0,0,2023-05-29,0.9,yes,#fpga开发,基于复旦微FMQL45T900 全国产ARM+FPGA核心板方案,https://blog.csdn.net/yeyuangen/article/details/130934572,,
87,134104351,4.489,1200,8,0,0,2023-10-29,0.9,yes,#EMS | #国产储能 | #储能方案,基于RK3588/RK3568/RK3288的全国产储能“大脑”——EMS管理系统,https://blog.csdn.net/yeyuangen/article/details/134104351,,
88,128924318,4.482,4000,9,0,0,2023-02-08,0.8,yes,#fpga开发 | #RK3399+FPGA | #工业相机,一种RK3399+MIPI+FPGA的高速工业相机的设计方案（一）,https://blog.csdn.net/yeyuangen/article/details/128924318,,
89,114106007,4.473,2000,8,2,0,2021-02-25,0.8,yes,#OMPAL138 | #SPARTAN6 | #FPGA | #DSP | #C6748,OMAPL138+SPARTAN6核心板与评估板试用心得,https://blog.csdn.net/yeyuangen/article/details/114106007,,
90,118159455,4.472,2300,12,0,0,2021-06-23,0.8,yes,#C6748 | #DSP | #开发例程 | #tcp | #OMAPL138,OMAPL138 + SPARTAN6 DSP+ARM+FPGA开发例程,https://blog.csdn.net/yeyuangen/article/details/118159455,,
91,124870062,4.459,3100,10,0,0,2022-07-05,0.8,yes,#tensorflow | #人工智能 | #FPGA | #PCIE | #RK3399,瑞芯微RK3399/RK3568+FPGA硬件加速设计方案,https://blog.csdn.net/yeyuangen/article/details/124870062,,
92,129054162,4.443,1700,10,1,0,2023-02-16,0.8,yes,#VPX | #精密运动控制 | #FPGA,基于 VPX 总线的工件台运动控制系统研究与开发-以光刻运动台为例（一）,https://blog.csdn.net/yeyuangen/article/details/129054162,,
93,104546704,4.416,1900,9,1,0,2020-02-27,0.8,yes,#5G | #AM5728 | #网关 | #工业物联网 | #工业4.0,基于AM5728的5G智能网关在工业互联网的应用,https://blog.csdn.net/yeyuangen/article/details/104546704,,
94,117649189,4.356,1600,9,1,0,2021-06-07,0.8,yes,#C6748 | #FPGA | #DSP+FPGA+ARM | #电力,基于C6748 DSP+FPGA的声学多普勒流速剖面仪ADCP信号处理系统,https://blog.csdn.net/yeyuangen/article/details/117649189,,
95,132332739,4.331,1800,5,0,0,2023-08-17,0.9,yes,#硬件架构,基于X86六轮差速移动机器人运动控制器设计与实现（一）软件与硬件架构,https://blog.csdn.net/yeyuangen/article/details/132332739,,
96,128393121,4.324,2100,10,0,0,2022-12-21,0.8,yes,#半导体运动台 | #控制器,高速高精度半导体运动台设计（二）,https://blog.csdn.net/yeyuangen/article/details/128393121,,
97,127394072,4.318,2500,9,0,0,2022-10-18,0.8,yes,#国产EDA | #FPGA,国产EDA与FPGA芯片验证方案,https://blog.csdn.net/yeyuangen/article/details/127394072,,
98,124203022,4.309,3000,8,0,0,2022-04-15,0.8,yes,#ZYNQ | #移动机器人 | #控制器 | #实时,基于ZYNQ移动机器人控制器设计（3）控制器硬件方案选型,https://blog.csdn.net/yeyuangen/article/details/124203022,,
99,117696723,4.29,2700,6,1,0,2022-02-21,0.8,yes,#AM5728 | #LINUX | #开源 | #运动控制 | #DSP+ARM,基于AM5728 linux开源ethercat运动控制一体机解决方案,https://blog.csdn.net/yeyuangen/article/details/117696723,,
100,122832903,4.273,3500,5,1,0,2022-02-08,0.8,yes,#ZYNQ | #ARM+FPGA | #图像处理,基于ZYNQ的数据存储和实时成像系统,https://blog.csdn.net/yeyuangen/article/details/122832903,,
101,131200541,4.267,2200,4,0,0,2023-06-26,0.9,yes,#fpga开发 | #电能质量分析仪 | #ARM+FPGA | #NI,【国产虚拟仪器】基于ARM+FPGA+8通道高速AD代替美国国家仪器的电能质量分析仪设计（一）NI方案介绍,https://blog.csdn.net/yeyuangen/article/details/131200541,,
102,127565140,4.242,1700,6,2,0,2022-10-28,0.8,yes,#C6678 | #ZYNQ,C6678/C6657+ZYNQ/K7/A7 FPGA+AD+北斗的软硬件设计方案,https://blog.csdn.net/yeyuangen/article/details/127565140,,
103,125092152,4.235,3600,5,0,1,2022-06-08,0.8,yes,#RK3568 | #工业网关 | #6路千兆 | #高性价比,基于RK3568低成本6路千兆网口AI工业网关设计方案,https://blog.csdn.net/yeyuangen/article/details/125092152,,
104,127569249,4.234,4000,6,0,0,2022-10-28,0.8,yes,#C6678+K7+AD,C6678+K7+AD9253/AD9783 8路AD高速信号处理板,https://blog.csdn.net/yeyuangen/article/details/127569249,,
105,134103463,4.229,2000,4,0,0,2023-10-29,0.9,yes,#microsoft,基于 ＡＲＭ＋ＦＰＧＡ+AD的高精度数据采集系统设计,https://blog.csdn.net/yeyuangen/article/details/134103463,,
106,134325102,4.166,1700,4,0,0,2023-11-17,0.9,yes,#codesys,RK3568+Codesys+Xenomai实时软PLC运动控制解决方案,https://blog.csdn.net/yeyuangen/article/details/134325102,,
107,127595870,4.156,2500,5,1,0,2022-10-30,0.8,yes,#5G评估板 | #软件无线电,ZYNQ RFSoc开发板-usrp软件无线电X410mini开发板-5G评估板,https://blog.csdn.net/yeyuangen/article/details/127595870,,
108,132444260,4.117,1500,4,0,0,2023-08-23,0.9,yes,#labview | #嵌入式硬件,基于labview设备状态监测和故障诊断（一）NI软硬件介绍,https://blog.csdn.net/yeyuangen/article/details/132444260,,
109,131095009,4.103,1300,3,1,0,2023-06-07,0.9,yes,#网络 | #RK3399+FPGA,基于RK3399+FPGA的地面测试台多参数数据记录仪方案(一）硬件设计,https://blog.csdn.net/yeyuangen/article/details/131095009,,
110,125420701,4.084,4200,2,1,2,2022-06-23,0.8,yes,#RK3568 | #多网口 | #鸿蒙,RK3568多千兆网口安卓视频控制器全国产方案,https://blog.csdn.net/yeyuangen/article/details/125420701,,
111,127126276,4.07,3400,5,0,0,2022-10-10,0.8,yes,,龙芯+复旦微FPGA全国产VPX高速数据采集卡解决方案,https://blog.csdn.net/yeyuangen/article/details/127126276,,
112,134754410,4.055,2000,3,0,0,2023-12-02,0.9,yes,#人工智能 | #边缘计算,"基于算能的国产AI边缘计算盒子,内置强悍TPU | 32TOPS INT8算力",https://blog.csdn.net/yeyuangen/article/details/134754410,,
113,105554507,4.008,1200,6,1,0,2020-04-16,0.8,yes,#AM5728 | #NOR启动,AM335X 、AM5728 NOR flash启动,https://blog.csdn.net/yeyuangen/article/details/105554507,,
114,123171075,3.993,2000,6,0,0,2022-08-29,0.8,yes,#fpga开发 | #arm | #ethercat,基于DSP/ARM+FPGA的类PLC 高性能高实时Ethercat运动控制系统方案,https://blog.csdn.net/yeyuangen/article/details/123171075,,
115,120321742,3.979,1500,5,1,0,2021-09-16,0.8,yes,#OMPAL138 | #FPGA | #防撞雷达,omapl138+FPGA AD7606数据采集测试,https://blog.csdn.net/yeyuangen/article/details/120321742,,
116,131995711,3.975,2900,2,0,0,2023-07-29,0.9,yes,#人工智能 | #RK3588 | #人工智能算法服务,基于RK3588+AI的边缘计算算法方案：智慧园区、智慧社区、智慧物流,https://blog.csdn.net/yeyuangen/article/details/131995711,,
117,127518880,3.947,1300,4,1,1,2022-10-25,0.8,yes,#嵌入式硬件 | #手术机器人,手术机器人软硬件设计方案,https://blog.csdn.net/yeyuangen/article/details/127518880,,
118,133283165,3.942,1500,3,0,0,2023-09-25,0.9,yes,#fpga开发 | #arm开发,基于ARM+FPGA的ISA总线／MMи总线接口转换设计在轨道交通的应用,https://blog.csdn.net/yeyuangen/article/details/133283165,,
119,128399985,3.937,1700,6,0,0,2022-12-21,0.8,yes,#人工智能,硅片检测半导体运动台控制器的设计（二）,https://blog.csdn.net/yeyuangen/article/details/128399985,,
120,126963671,3.934,2000,2,3,1,2022-09-20,0.8,yes,#arm | #fpga开发 | #图像处理,ARM+FPGA医疗图像处理解决方案,https://blog.csdn.net/yeyuangen/article/details/126963671,,
121,130829864,3.901,2400,2,0,0,2023-05-23,0.9,yes,#国产实时操作系统 | #全国产主板,翼辉+飞腾全国产实时操作系统与全国产主板工控方案在电力产品的应用,https://blog.csdn.net/yeyuangen/article/details/130829864,,
122,117535952,3.885,967,6,0,1,2021-06-03,0.8,yes,#C6748 | #FPGA | #DSP+FPGA | #雷达 | #导航,基于C6748 +FPGA 测角测距连续波雷达的目标检测方法及其平台设计,https://blog.csdn.net/yeyuangen/article/details/117535952,,
123,127521138,3.876,2800,4,0,0,2022-10-25,0.8,yes,#fpga开发,国产ARM+FPGA+AD低成本高性能数据采集卡方案,https://blog.csdn.net/yeyuangen/article/details/127521138,,
124,127583358,3.875,1600,4,1,0,2022-10-29,0.8,yes,#fpga开发 | #视频融合,直升机FPGA多路视频采集叠加OSD字符VGA-HDMI-DVI-SDI采集融合板卡设计,https://blog.csdn.net/yeyuangen/article/details/127583358,,
125,127579719,3.868,1900,5,0,0,2022-10-28,0.8,yes,#地面监视雷达,地面监视雷达系统的设计与试验,https://blog.csdn.net/yeyuangen/article/details/127579719,,
126,109059926,3.857,1100,4,2,0,2020-10-13,0.8,yes,#AM5728 | #电力巡检 | #机器人 | #DSP | #ARM,基于AM5728 DSP+ARM的智能电力巡检机器人设计,https://blog.csdn.net/yeyuangen/article/details/109059926,,
127,134048382,3.853,1400,2,0,1,2023-10-26,0.9,yes,#fpga开发,基于 ARM+FPGA+AD平台的多类型同步信号采集仪开发及试验验证（二）板卡总体设计,https://blog.csdn.net/yeyuangen/article/details/134048382,,
128,134754288,3.849,2100,2,0,0,2023-12-02,0.9,yes,#人工智能 | #边缘计算,基于算能的国产AI边缘计算盒子8核心A53丨17.6Tops算力,https://blog.csdn.net/yeyuangen/article/details/134754288,,
129,116896814,3.83,1700,5,0,0,2021-05-16,0.8,yes,#AM5728 | #DSP | #JTAG,基于AM5728 DSP JTAG连接调试方法,https://blog.csdn.net/yeyuangen/article/details/116896814,,
130,127289327,3.827,3800,3,0,0,2022-10-14,0.8,yes,#人工智能 | #物联网 | #RK3588,RK3588 AI 边缘计算智慧交通智能安防工业主板设计方案,https://blog.csdn.net/yeyuangen/article/details/127289327,,
131,118828381,3.797,1800,3,0,2,2021-07-16,0.8,yes,#OMAPL138 | #FPGA | #SDR | #软件无线电 | #DSP+ARM,基于OMAP-L138 DSP+ARM处理器与FPGA实现SDR软件无线电系统,https://blog.csdn.net/yeyuangen/article/details/118828381,,
132,108413479,3.786,1100,6,0,0,2020-09-05,0.8,yes,#AM5728 | #DSP+ARM | #运动控制 | #机器视觉,基于AM5728 DSP+ARM工业运动控制-数控机床-工业运动控制器系统方案,https://blog.csdn.net/yeyuangen/article/details/108413479,,
133,129078124,3.784,890,4,2,0,2023-02-17,0.8,yes,#硬件架构 | #工业网关 | #RTU | #油井,基于国产龙芯 CPU 的气井工业网关研究与设计（二）,https://blog.csdn.net/yeyuangen/article/details/129078124,,
134,118756705,3.78,1400,4,0,1,2021-07-15,0.8,yes,#OMAPL138 | #光纤传感器 | #FPGA | #分布式,基于OMPAL138+FPGA分布式光纤传感器系统设计,https://blog.csdn.net/yeyuangen/article/details/118756705,,
135,122900769,3.774,5800,2,0,0,2022-02-21,0.8,yes,#边缘计算 | #人工智能,数控机床现场数据采集与边缘计算方案,https://blog.csdn.net/yeyuangen/article/details/122900769,,
136,105074879,3.762,1400,5,0,0,2020-03-24,0.8,yes,#AM5728 | #DSP+ARM+FPGA | #多核异构 | #工业控制 | #数据采集,TI AM5728 DSP+ARM+FPGA多核异构工业控制处理器,https://blog.csdn.net/yeyuangen/article/details/105074879,,
137,128466427,3.762,1400,5,0,0,2022-12-28,0.8,yes,#全国产,100%全国产龙芯2K1000设计方案,https://blog.csdn.net/yeyuangen/article/details/128466427,,
138,118175736,3.754,1300,4,0,1,2021-06-24,0.8,yes,#OMAPL138 | #C6748 | #DSP | #SPARTAN6 | #数据采集,基于OMAPL138 + Xilinx spartan6的电力数据采集与传输设计,https://blog.csdn.net/yeyuangen/article/details/118175736,,
139,128459951,3.75,2800,2,0,2,2022-12-27,0.8,yes,#飞腾 | #FPGA | #国产操作系统,飞腾FT-2000/4处理器+复旦微FPGA+国产操作系统解决方案(2),https://blog.csdn.net/yeyuangen/article/details/128459951,,
140,104483002,3.744,1100,4,1,0,2020-02-24,0.8,yes,#AM5728 | #DSP | #ARM | #机器人 | #机械手,基于AM5728 DSP+ARM采摘机械手控制系统设计,https://blog.csdn.net/yeyuangen/article/details/104483002,,
141,134104001,3.743,899,3,0,0,2023-10-29,0.9,yes,#EMS | #储能方案,基于RK3568高性价比全国产EMS储能解决方案（二）设计方案,https://blog.csdn.net/yeyuangen/article/details/134104001,,
142,127985044,3.742,1900,4,0,0,2022-11-22,0.8,yes,#profinet | #ethercat | #网关,PROFINET转EtherCAT网关方案设计,https://blog.csdn.net/yeyuangen/article/details/127985044,,
143,128891952,3.736,1300,5,0,0,2023-02-05,0.8,yes,#PCB | #图像检测 | #AOI,大幅面柔性印刷线路板缺陷在线视觉检测系统设计,https://blog.csdn.net/yeyuangen/article/details/128891952,,
144,132311200,3.73,2000,1,1,0,2023-08-16,0.9,yes,#单片机 | #嵌入式硬件,线切割数控系统 CAM 功能开发,https://blog.csdn.net/yeyuangen/article/details/132311200,,
145,105554838,3.723,1800,4,0,0,2022-02-08,0.8,yes,#AM5728 | #边缘计算 | #工业控制 | #工业数据采集 | #工业网关,AM5728 DSP+ARM平台在5G工业网关、工业数据采集、边缘计算的应用,https://blog.csdn.net/yeyuangen/article/details/105554838,,
146,127579519,3.723,1800,4,0,0,2022-10-28,0.8,yes,#无人机 | #雷达,无人机探测雷达软硬件解决方案,https://blog.csdn.net/yeyuangen/article/details/127579519,,
147,108329431,3.711,1000,4,1,0,2020-08-31,0.8,yes,#AM5728 | #3D | #打印 | #ARM | #DSP | AE | C | 医疗,基于TI AM5728设计3D打印机方案,https://blog.csdn.net/yeyuangen/article/details/108329431,,
148,111823712,3.709,2700,3,0,0,2020-12-27,0.8,yes,,ubuntu 安装rar/unrar 提示错误E: Package ‘unrar‘ has no installation candidate解决方法,https://blog.csdn.net/yeyuangen/article/details/111823712,,
149,126429566,3.709,994,4,1,0,2022-08-19,0.8,yes,#fpga开发 | #机器人,基于C6657+国产FPGA的DSP+FPGA主控板设计方案在核电机器人的应用,https://blog.csdn.net/yeyuangen/article/details/126429566,,
150,126946420,3.682,2500,3,0,0,2022-09-20,0.8,yes,#arm | #fpga开发 | #嵌入式硬件,物理气相沉积半导体设备 PVD DSP/ARM+FPGA控制器设计,https://blog.csdn.net/yeyuangen/article/details/126946420,,
151,113574231,3.678,1100,5,0,0,2021-02-02,0.8,yes,#AM5728 | #XENOMAI,基于TI AM5728 移植 实时操作系统Xenomai,https://blog.csdn.net/yeyuangen/article/details/113574231,,
152,114708180,3.678,1100,5,0,0,2021-03-12,0.8,yes,#omapl138 | #水声通信 | #OFDM | #C6748 | #FPGA,基于OMAPL138 DSP+ARM的OFDM水声通信系统研究与设计,https://blog.csdn.net/yeyuangen/article/details/114708180,,
153,122850713,3.678,1100,5,0,0,2022-02-09,0.8,yes,#ethercat | #st32,高性价比高实时Ethercat现场总线工业运动控制方案,https://blog.csdn.net/yeyuangen/article/details/122850713,,
154,126958976,3.668,2400,3,0,0,2022-09-20,0.8,yes,#fpga开发,基于国产 AＲM + FPGA+Codesys运动控制平台的智能人机交互系统设计,https://blog.csdn.net/yeyuangen/article/details/126958976,,
155,123141480,3.659,1500,4,0,0,2022-02-25,0.8,yes,#fpga开发 | #C665x,TI TMS320C665x + Xilinx Artix-7 DSP+ARM核间通讯方案,https://blog.csdn.net/yeyuangen/article/details/123141480,,
156,119392297,3.641,988,5,0,0,2021-08-04,0.8,yes,#igh | #ethercat | #am5728 | #实时 | #Preempt-RT,AM5728 Preempt-RT Igh Ethercat安装与测试,https://blog.csdn.net/yeyuangen/article/details/119392297,,
157,127596046,3.637,2200,3,0,0,2022-10-30,0.8,yes,#24G安防雷达 | #毫米波雷达,24G安防雷达-雷视一体机-交通流量雷达-测速测距-77G毫米波雷达,https://blog.csdn.net/yeyuangen/article/details/127596046,,
158,121502446,3.634,968,5,0,0,2021-11-23,0.8,yes,#运动控制 | #omapl138 | #arm+fpga,XM6748F-IDK TMS320C6748+FPGA高速数据采集处理平台,https://blog.csdn.net/yeyuangen/article/details/121502446,,
159,117547568,3.621,2100,3,0,0,2021-06-04,0.8,yes,#C6748 | #FPGA | #SPARTAN6 | #雷达 | #毫米波,基于C6748 DSP+FPGA LFMCW雷达信号处理算法研究,https://blog.csdn.net/yeyuangen/article/details/117547568,,
160,118784768,3.616,1400,2,0,4,2021-07-16,0.8,yes,#OMAPL138 | #FPGA | #水声通信 | #软件无线电 | #OMAP,水声通信软件无线电OMAP平台的硬件设计与实现,https://blog.csdn.net/yeyuangen/article/details/118784768,,
161,126846070,3.61,1300,4,0,0,2022-09-14,0.8,yes,#半导体设备 | #DSP+FPGA | #控制器,全自动深腔键合机DSP+FPGA控制器解决方案,https://blog.csdn.net/yeyuangen/article/details/126846070,,
162,128332680,3.61,1300,4,0,0,2022-12-15,0.8,yes,#半导体运动台,基于DSP+FPGA高速宏微半导体运动平台的控制与实现,https://blog.csdn.net/yeyuangen/article/details/128332680,,
163,125625899,3.599,874,5,0,0,2023-02-14,0.8,yes,#RK3399 | #5g,基于 RK3399 5G 通信和图像增强算法的交通监控系统设计,https://blog.csdn.net/yeyuangen/article/details/125625899,,
164,134754567,3.591,3700,0,1,1,2023-12-02,0.9,yes,#人工智能 | #边缘计算,"基于算能的国产AI边缘计算盒子,8核心A53丨10.6Tops算力",https://blog.csdn.net/yeyuangen/article/details/134754567,,
165,131162261,3.526,918,2,0,0,2023-06-12,0.9,yes,#数据采集 | #声音 | #虚拟仪器,【国产虚拟仪器】基于 ZYNQ的声发射采集系统方案,https://blog.csdn.net/yeyuangen/article/details/131162261,,
166,128325493,3.507,968,4,0,0,2022-12-15,0.8,yes,#半导体运动台 | #控制器,硅片检测半导体运动台控制器的设计,https://blog.csdn.net/yeyuangen/article/details/128325493,,
167,106630728,3.484,1300,2,0,2,2020-06-08,0.8,yes,#AM5728 | #板卡定制 | #开发板 | #DSP | #ARM,基于AM5728开发板进行二次开发经验分享,https://blog.csdn.net/yeyuangen/article/details/106630728,,
168,128404322,3.48,1400,3,0,0,2022-12-22,0.8,yes,#FPGA | #ethercat从站 | #FOC | #电流环,ETHERCAT从站设计与FOC伺服马达电流环控制,https://blog.csdn.net/yeyuangen/article/details/128404322,,
169,128410412,3.48,1400,3,0,0,2022-12-22,0.8,yes,#自动化 | #XMC4800 | #Ethercat从站,基于XMC4800 Ethercat从站的工厂自动化解决方案,https://blog.csdn.net/yeyuangen/article/details/128410412,,
170,122832172,3.458,21000,0,0,0,2022-02-08,0.8,yes,#ZYNQ | #ARM+FPGA | #AD9361,基于ZYNQ+AD9361的软件无线电平台设计与实现,https://blog.csdn.net/yeyuangen/article/details/122832172,,
171,135310332,3.455,6900,0,0,0,2023-12-30,0.9,yes,#codesys | #stm32,STM32+Codesys工业软件PLC解决方案,https://blog.csdn.net/yeyuangen/article/details/135310332,,
172,126845832,3.453,2300,2,0,0,2022-09-14,0.8,yes,#环形线 | #DSP+FPGA | #ETHERCAT,倍福XTS | 磁驱柔性输送系统环形线Ethercat DSP+FPGA控制器,https://blog.csdn.net/yeyuangen/article/details/126845832,,
173,117535718,3.451,848,3,0,1,2021-06-03,0.8,yes,,基于C6748 DSP+FPGA MIMO雷达验证系统模块化设计与实现,https://blog.csdn.net/yeyuangen/article/details/117535718,,
174,128357056,3.437,2200,2,0,0,2022-12-17,0.8,yes,#5G | #人工智能,国产实时操作系统+intel x86/龙芯平台超边缘计算机方案,https://blog.csdn.net/yeyuangen/article/details/128357056,,
175,127579452,3.421,2100,2,0,0,2022-10-28,0.8,yes,#雷达DSP+FPGA | #雷达软件,三坐标低空目标预警探测雷达解决方案,https://blog.csdn.net/yeyuangen/article/details/127579452,,
176,118175339,3.394,805,2,2,0,2021-06-24,0.8,yes,#OMAPL138 | #C6748 | #DSP+ARM | #SPARTAN6 | #数据采集,信迈TI OMAP-L138（定点/浮点DSP C674x+ARM9） + Xilinx Spartan-6 FPGA开发板规格书,https://blog.csdn.net/yeyuangen/article/details/118175339,,
177,124699927,3.387,1900,2,0,0,2022-05-10,0.8,yes,#ZYNQ | #ISP核,Xilinx Zynq 7045实现支持29种CMOS传感器的Xinmai ISP IP,https://blog.csdn.net/yeyuangen/article/details/124699927,,
178,128409126,3.387,1900,2,0,0,2022-12-22,0.8,yes,#ETHERCAT | #从站,EtherCAT I/O 马达控制机器人从站控制器设计,https://blog.csdn.net/yeyuangen/article/details/128409126,,
179,131952835,3.345,1300,1,0,0,2023-07-27,0.9,yes,#fpga开发 | #stm32 | #嵌入式硬件,基于双 STM32+FPGA 的桌面数控车床控制系统设计,https://blog.csdn.net/yeyuangen/article/details/131952835,,
180,117449179,3.342,569,2,0,5,2021-06-01,0.8,yes,#omapl138 | #fpga | #spartan6 | #ad7606,基于OMAPL138/C6748+SPARTAN6高速数据采集存储系统,https://blog.csdn.net/yeyuangen/article/details/117449179,,
181,133918917,3.313,1200,1,0,0,2023-10-23,0.9,yes,#人工智能,NI9234 4 通道， ±5 V， 24 位软件可选 IEPE 和 AC/DC模拟输入模块振动测试国产替代,https://blog.csdn.net/yeyuangen/article/details/133918917,,
182,134023242,3.313,1200,1,0,0,2023-10-24,0.9,yes,#1024程序员节,基于ARM+FPGA+AD的多通道精密数据采集仪方案,https://blog.csdn.net/yeyuangen/article/details/134023242,,
183,106628244,3.305,844,3,0,0,2020-06-08,0.8,yes,#AM5728 | #音频 | #视频 | #工业控制 | #DSP,AM5728 DSP+ARM用于音频分析,https://blog.csdn.net/yeyuangen/article/details/106628244,,
184,122781065,3.295,1700,1,0,2,2022-02-04,0.8,yes,#工业网关,MQTT采集协议转换器转103 104 cdt 61850动环工业网关可定制试用,https://blog.csdn.net/yeyuangen/article/details/122781065,,
185,120150818,3.294,835,2,1,0,2021-09-07,0.8,yes,#matlab | #DSP | #声源定位 | #麦克风阵列 | #实时,基于OMAP平台的声源定位系统设计与实现,https://blog.csdn.net/yeyuangen/article/details/120150818,,
186,127619112,3.282,939,1,1,2,2022-11-29,0.8,yes,#harmonyos | #华为 | #鸿蒙教学平台,RK3568+鸿蒙教学实验平台鸿蒙认证设计方案,https://blog.csdn.net/yeyuangen/article/details/127619112,,
187,134048616,3.279,1100,1,0,0,2023-10-26,0.9,yes,#fpga开发,基于 ARM+FPGA+AD平台的多类型同步信号采集仪开发及试验验证（一）上位机设计,https://blog.csdn.net/yeyuangen/article/details/134048616,,
188,118176742,3.267,774,2,1,0,2021-06-24,0.8,yes,#OMAPL138 | #故障诊断仪 | #在线监测 | #数据采集 | #DSP,基于OMAP-L138的便携式设备状态监测与诊断仪设计,https://blog.csdn.net/yeyuangen/article/details/118176742,,
189,104951902,3.255,1300,2,0,0,2020-03-18,0.8,yes,#AM5728 | #DSP | #ARM | #高速数据 | #采集,基于AM5728 DSP+ARM平台高速数据AD采集处理设计与实现,https://blog.csdn.net/yeyuangen/article/details/104951902,,
190,106390678,3.255,1300,2,0,0,2020-05-27,0.8,yes,#AM5728 | #车牌识别 | #DSP+ARM,基于AM5728 DSP+ARM平台的嵌入式车牌识别,https://blog.csdn.net/yeyuangen/article/details/106390678,,
191,126958767,3.255,1300,2,0,0,2022-09-20,0.8,yes,#人工智能 | #RK3399PRO | #K7,RK3399pro + K7/A7 FPGA+ AI国产人工智能图像处理平台,https://blog.csdn.net/yeyuangen/article/details/126958767,,
192,132761254,3.242,1000,1,0,0,2023-09-08,0.9,yes,#arm开发,ARM+Codesys标准通用型控制器,https://blog.csdn.net/yeyuangen/article/details/132761254,,
193,133916832,3.242,1000,1,0,0,2023-10-18,0.9,yes,#大数据 | #人工智能,2023年数据采集仪器行业市场前景分析,https://blog.csdn.net/yeyuangen/article/details/133916832,,
194,128164318,3.239,2800,1,0,0,2022-12-03,0.8,yes,#harmonyos | #人工智能 | #华为,RV1126/RV1109 IPC板 + RK3568+鸿蒙AI视频解决方案,https://blog.csdn.net/yeyuangen/article/details/128164318,,
195,117536046,3.23,681,3,0,0,2021-06-03,0.8,yes,#C6748 | #OMAPL138 | #DSP | #FPGA | #软件无线电,一种基于C6748 DSP+FPGA的软件无线电平台的设计及应用,https://blog.csdn.net/yeyuangen/article/details/117536046,,
196,134164061,3.222,3800,0,0,0,2023-11-01,0.9,yes,#NI | #USB4431 | #国产化,NI USB-4431对标国产化4路同步采集卡解决方案,https://blog.csdn.net/yeyuangen/article/details/134164061,,
197,131390460,3.206,911,1,0,0,2023-06-26,0.9,yes,#数据采集 | #虚拟仪器,基于国产FPGA的分布式数据采集系统设计,https://blog.csdn.net/yeyuangen/article/details/131390460,,
198,131469011,3.201,3600,0,0,0,2023-06-30,0.9,yes,#fpga开发 | DAMO开发者矩阵 | 加入社区,【国产虚拟仪器】基于ZYNQ7045+V7 FPGA的多通道数据同步采集设计方案（二）,https://blog.csdn.net/yeyuangen/article/details/131469011,,
199,134664420,3.201,900,1,0,0,2023-11-28,0.9,yes,#采集卡,【国产虚拟仪器】基于ARM+FPGA的24bit采集卡,https://blog.csdn.net/yeyuangen/article/details/134664420,,
200,104908358,3.197,1100,2,0,0,2020-03-16,0.8,yes,#OMAPL138 | #C6748 | #SPARTAN-6 | #DSP+ARM+FPGA | #多核异构,OMAPL138 + SPARTAN6 DSP+ARM+FPGA核心板方案,https://blog.csdn.net/yeyuangen/article/details/104908358,,
